ID,TargetRLF1,TargetR1F1,TargetLLM
ID_TS_Eng_Uga_6A7E4C36,It is a virus that attacks the immune system.,It is a virus that attacks the immune system.,It is a virus that attacks the immune system.
ID_TS_Eng_Uga_FB1E143B,The first case of HIV was reported in 1959.,The first case of HIV was reported in 1959.,The first case of HIV was reported in 1959.
ID_TS_Eng_Ken_1EE34DC4,"No, HIV does not lead to death. It is a chronic disease and can be managed with proper treatment.","No, HIV does not lead to death. It is a chronic disease and can be managed with proper treatment.","No, HIV does not lead to death. It is a chronic disease and can be managed with proper treatment."
ID_TS_Eng_Ken_3764FBDA,PEP is taken by mouth. It is a pill that you swallow.,PEP is taken by mouth. It is a pill that you swallow.,PEP is taken by mouth. It is a pill that you swallow.
ID_TS_Eng_Ken_D52721E7,Viral load is the amount of virus in the blood. It is measured in copies per milliliter.,Viral load is the amount of virus in the blood. It is measured in copies per milliliter.,Viral load is the amount of virus in the blood. It is measured in copies per milliliter.
ID_TS_Eng_Ken_31B1B099,"Yes, HIV reduces life expectancy.","Yes, HIV reduces life expectancy.","Yes, HIV reduces life expectancy."
ID_TS_Eng_Ken_039F3A25,Anyone who is at risk of getting HIV can take PrEP.,Anyone who is at risk of getting HIV can take PrEP.,Anyone who is at risk of getting HIV can take PrEP.
ID_TS_Eng_Ken_AFBB411A,"No, STI infections do not kill. However, they can cause serious health problems and lead to complications if left untreated.","No, STI infections do not kill. However, they can cause serious health problems and lead to complications if left untreated.","No, STI infections do not kill. However, they can cause serious health problems and lead to complications if left untreated."
ID_TS_Eng_Ken_1D61FAC3,Fear of stigma and discrimination,Fear of stigma and discrimination,Fear of stigma and discrimination
ID_TS_Eng_Uga_1FD5A423,"Syphilis is a sexually transmitted disease caused by a bacterium called Treponema pallidum. It is usually spread through sexual contact, but it can also be passed from mother to baby during pregnancy or childbirth. The first sign of syphil","Syphilis is a sexually transmitted disease caused by a bacterium called Treponema pallidum. It is usually spread through sexual contact, but it can also be passed from mother to baby during pregnancy or childbirth. The first sign of syphil","Syphilis is a sexually transmitted disease caused by a bacterium called Treponema pallidum. It is usually spread through sexual contact, but it can also be passed from mother to baby during pregnancy or childbirth. The first sign of syphil"
ID_TS_Eng_Uga_59A1120E,"There are three main types of HIV. These are: 
1. HIV-1
2. HIV-2
3. HIV-3","There are three main types of HIV. These are: 
1. HIV-1
2. HIV-2
3. HIV-3","There are three main types of HIV. These are: 
1. HIV-1
2. HIV-2
3. HIV-3"
ID_TS_Eng_Gha_89D7FD6C,"If you have unprotected sex or experience a contraceptive failure, you should take emergency contraception within 72 hours of having unprotected sex. Emergency contraception is available over the counter at most pharmacies and can be purchased without a prescription.","If you have unprotected sex or experience a contraceptive failure, you should take emergency contraception within 72 hours of having unprotected sex. Emergency contraception is available over the counter at most pharmacies and can be purchased without a prescription.","If you have unprotected sex or experience a contraceptive failure, you should take emergency contraception within 72 hours of having unprotected sex. Emergency contraception is available over the counter at most pharmacies and can be purchased without a prescription."
ID_TS_Eng_Ken_364D7C87,PEP is available at the nearest hospital or clinic.,PEP is available at the nearest hospital or clinic.,PEP is available at the nearest hospital or clinic.
ID_TS_Eng_Ken_8E485223,"Yes, you can have a normal birth.","Yes, you can have a normal birth.","Yes, you can have a normal birth."
ID_TS_Eng_Ken_3DC98290,"One can prevent HIV infection by practicing safe sex, using condoms and getting tested for HIV.","One can prevent HIV infection by practicing safe sex, using condoms and getting tested for HIV.","One can prevent HIV infection by practicing safe sex, using condoms and getting tested for HIV."
ID_TS_Eng_Ken_38BA8ABC,Testing is done by a doctor or nurse.,Testing is done by a doctor or nurse.,Testing is done by a doctor or nurse.
ID_TS_Eng_Ken_3B048A8B,Effects of abortion to girlchild,Effects of abortion to girlchild,Effects of abortion to girlchild
ID_TS_Eng_Ken_1E52D770,"Yes, HIV treatment is safe during pregnancy.","Yes, HIV treatment is safe during pregnancy.","Yes, HIV treatment is safe during pregnancy."
ID_TS_Eng_Ken_C3B290D0,"To prevent STIs, you should avoid having sex with multiple partners and use condoms.","To prevent STIs, you should avoid having sex with multiple partners and use condoms.","To prevent STIs, you should avoid having sex with multiple partners and use condoms."
ID_TS_Eng_Ken_F5C9B047,PEP is taken within 72 hours of exposure to HIV.,PEP is taken within 72 hours of exposure to HIV.,PEP is taken within 72 hours of exposure to HIV.
ID_TS_Eng_Ken_085B15FB,"Yes, HIV/AIDS counselling is free.","Yes, HIV/AIDS counselling is free.","Yes, HIV/AIDS counselling is free."
ID_TS_Eng_Ken_C9AF18F8,Accessing HIV treatment,Accessing HIV treatment,Accessing HIV treatment
ID_TS_Eng_Ken_96FC734D,Accessing HIV treatment,Accessing HIV treatment,Accessing HIV treatment
ID_TS_Eng_Uga_A99F1318,"Antibiotics are used to treat gonorrhea. The most common antibiotics used are ceftriaxone or cefixime. If you are allergic to these antibiotics, azithromycin may be used instead.","Antibiotics are used to treat gonorrhea. The most common antibiotics used are ceftriaxone or cefixime. If you are allergic to these antibiotics, azithromycin may be used instead.","Antibiotics are used to treat gonorrhea. The most common antibiotics used are ceftriaxone or cefixime. If you are allergic to these antibiotics, azithromycin may be used instead."
ID_TS_Eng_Uga_81FB18B3,"Gonorrhea is a sexually transmitted infection caused by the bacterium Neisseria gonorrhoeae. It usually affects the urethra, rectum or throat. Symptoms include discharge from the penis or vagina, pain while urinating, and bleeding","Gonorrhea is a sexually transmitted infection caused by the bacterium Neisseria gonorrhoeae. It usually affects the urethra, rectum or throat. Symptoms include discharge from the penis or vagina, pain while urinating, and bleeding","Gonorrhea is a sexually transmitted infection caused by the bacterium Neisseria gonorrhoeae. It usually affects the urethra, rectum or throat. Symptoms include discharge from the penis or vagina, pain while urinating, and bleeding"
ID_TS_Eng_Uga_3DA70577,"It stands for Human Immunodeficiency Virus. It is a virus that attacks the immune system, making it difficult to fight off infections.","It stands for Human Immunodeficiency Virus. It is a virus that attacks the immune system, making it difficult to fight off infections.","It stands for Human Immunodeficiency Virus. It is a virus that attacks the immune system, making it difficult to fight off infections."
ID_TS_Eng_Uga_BF5AE7E6,"The word ""clap"" comes from the Latin ""clappere,"" which means to strike or beat. It was first used in English in the 14th century, and referred to a loud noise made by striking something together. Over time,","The word ""clap"" comes from the Latin ""clappere,"" which means to strike or beat. It was first used in English in the 14th century, and referred to a loud noise made by striking something together. Over time,","The word ""clap"" comes from the Latin ""clappere,"" which means to strike or beat. It was first used in English in the 14th century, and referred to a loud noise made by striking something together. Over time,"
ID_TS_Eng_Uga_03902C5D,"HIV stands for Human Immunodeficiency Virus. It is a virus that attacks the immune system of the body. The immune system is the body's defense against diseases. When the immune system is weakened, it becomes difficult to fight off infections and diseases.","HIV stands for Human Immunodeficiency Virus. It is a virus that attacks the immune system of the body. The immune system is the body's defense against diseases. When the immune system is weakened, it becomes difficult to fight off infections and diseases.","HIV stands for Human Immunodeficiency Virus. It is a virus that attacks the immune system of the body. The immune system is the body's defense against diseases. When the immune system is weakened, it becomes difficult to fight off infections and diseases."
ID_TS_Eng_Uga_112FA612,"Gonorrhea is a sexually transmitted disease caused by the bacterium Neisseria gonorrhoeae. It usually affects the urethra, rectum or throat. Symptoms include discharge from the penis or vagina, pain while urinating, and bleeding","Gonorrhea is a sexually transmitted disease caused by the bacterium Neisseria gonorrhoeae. It usually affects the urethra, rectum or throat. Symptoms include discharge from the penis or vagina, pain while urinating, and bleeding","Gonorrhea is a sexually transmitted disease caused by the bacterium Neisseria gonorrhoeae. It usually affects the urethra, rectum or throat. Symptoms include discharge from the penis or vagina, pain while urinating, and bleeding"
ID_TS_Eng_Uga_D8E7012F,"Trich is a fungal infection of the scalp. It is caused by a fungus called Malassezia. The fungus lives on the skin of most people without causing any problems, but sometimes it can multiply and cause an infection. The main symptom is itching","Trich is a fungal infection of the scalp. It is caused by a fungus called Malassezia. The fungus lives on the skin of most people without causing any problems, but sometimes it can multiply and cause an infection. The main symptom is itching","Trich is a fungal infection of the scalp. It is caused by a fungus called Malassezia. The fungus lives on the skin of most people without causing any problems, but sometimes it can multiply and cause an infection. The main symptom is itching"
ID_TS_Eng_Eth_E767DCEA,"Yes, HPV can cause cancer. There are more than 100 types of HPV. Some types of HPV can cause genital warts, while others can cause cervical cancer.","Yes, HPV can cause cancer. There are more than 100 types of HPV. Some types of HPV can cause genital warts, while others can cause cervical cancer.","Yes, HPV can cause cancer. There are more than 100 types of HPV. Some types of HPV can cause genital warts, while others can cause cervical cancer."
ID_TS_Eng_Eth_BFDDC3D9,"No, prayer cannot cure chlamydia. Chlamydia is a bacterial infection that requires antibiotics to cure.","No, prayer cannot cure chlamydia. Chlamydia is a bacterial infection that requires antibiotics to cure.","No, prayer cannot cure chlamydia. Chlamydia is a bacterial infection that requires antibiotics to cure."
ID_TS_Eng_Ken_57207246,"No, PrEP is not taken for life. It is taken for 3 months and then the patient is tested for HIV. If the patient tests negative, he/she continues to take PrEP for another 3 months. If the patient tests positive","No, PrEP is not taken for life. It is taken for 3 months and then the patient is tested for HIV. If the patient tests negative, he/she continues to take PrEP for another 3 months. If the patient tests positive","No, PrEP is not taken for life. It is taken for 3 months and then the patient is tested for HIV. If the patient tests negative, he/she continues to take PrEP for another 3 months. If the patient tests positive"
ID_TS_Eng_Ken_8E200724,"Yes, people with one partner can get HIV.","Yes, people with one partner can get HIV.","Yes, people with one partner can get HIV."
ID_TS_Eng_Ken_FA02EAEC,"Symptoms of HIV/AIDS include fever, chills, night sweats, weight loss, fatigue, and swollen lymph nodes.","Symptoms of HIV/AIDS include fever, chills, night sweats, weight loss, fatigue, and swollen lymph nodes.","Symptoms of HIV/AIDS include fever, chills, night sweats, weight loss, fatigue, and swollen lymph nodes."
ID_TS_Eng_Ken_864E9A13,Testing is the only way to know your status. It is important to know your status so that you can take the necessary steps to protect yourself and others.,Testing is the only way to know your status. It is important to know your status so that you can take the necessary steps to protect yourself and others.,Testing is the only way to know your status. It is important to know your status so that you can take the necessary steps to protect yourself and others.
ID_TS_Eng_Ken_98C7472A,"HIV can affect your mental health by causing depression, anxiety, and stress. It can also lead to social isolation and discrimination.","HIV can affect your mental health by causing depression, anxiety, and stress. It can also lead to social isolation and discrimination.","HIV can affect your mental health by causing depression, anxiety, and stress. It can also lead to social isolation and discrimination."
ID_TS_Eng_Ken_70C2903F,HIV is not transmitted through:,HIV is not transmitted through:,HIV is not transmitted through:
ID_TS_Eng_Ken_D2762BDC,"Yes, STDs can lead to HIV/AIDS.","Yes, STDs can lead to HIV/AIDS.","Yes, STDs can lead to HIV/AIDS."
ID_TS_Eng_Ken_90164161,Condoms are very effective at preventing HIV.,Condoms are very effective at preventing HIV.,Condoms are very effective at preventing HIV.
ID_TS_Eng_Ken_9B37A22B,"No, contraceptive pills are not employed to prevent pregnancy.","No, contraceptive pills are not employed to prevent pregnancy.","No, contraceptive pills are not employed to prevent pregnancy."
ID_TS_Eng_Ken_E893BE3D,"Because of the lack of awareness and education, married people also get HIV.","Because of the lack of awareness and education, married people also get HIV.","Because of the lack of awareness and education, married people also get HIV."
ID_TS_Eng_Ken_9191B363,Post exposure prophylaxis,Post exposure prophylaxis,Post exposure prophylaxis
ID_TS_Eng_Ken_F295456E,Stages and periods of HIV/AIDS,Stages and periods of HIV/AIDS,Stages and periods of HIV/AIDS
ID_TS_Eng_Ken_43BFD931,Anti-retroviral treatment is a combination of drugs used to treat HIV infection.,Anti-retroviral treatment is a combination of drugs used to treat HIV infection.,Anti-retroviral treatment is a combination of drugs used to treat HIV infection.
ID_TS_Eng_Ken_B4FB0EB9,It has a negative impact on students.,It has a negative impact on students.,It has a negative impact on students.
ID_TS_Eng_Ken_743B65A2,"No, HIV/AIDS cannot be gotten rid of. It is a chronic disease.","No, HIV/AIDS cannot be gotten rid of. It is a chronic disease.","No, HIV/AIDS cannot be gotten rid of. It is a chronic disease."
ID_TS_Eng_Ken_A5CB63A2,Self-assessment testing kits are not accurate. They are not recommended for diagnosis of HIV infection.,Self-assessment testing kits are not accurate. They are not recommended for diagnosis of HIV infection.,Self-assessment testing kits are not accurate. They are not recommended for diagnosis of HIV infection.
ID_TS_Eng_Uga_6889803E,"Healthy sperm should be moving quickly and in a straight line. If they are moving slowly or in circles, it could mean that there is something wrong with them.","Healthy sperm should be moving quickly and in a straight line. If they are moving slowly or in circles, it could mean that there is something wrong with them.","Healthy sperm should be moving quickly and in a straight line. If they are moving slowly or in circles, it could mean that there is something wrong with them."
ID_TS_Eng_Uga_7B85179A,Syphilis is a sexually transmitted infection caused by a bacterium called Treponema pallidum. It is usually spread through sexual contact with someone who has syphilis. It can also be spread from mother to baby during pregnancy or childbirth.,Syphilis is a sexually transmitted infection caused by a bacterium called Treponema pallidum. It is usually spread through sexual contact with someone who has syphilis. It can also be spread from mother to baby during pregnancy or childbirth.,Syphilis is a sexually transmitted infection caused by a bacterium called Treponema pallidum. It is usually spread through sexual contact with someone who has syphilis. It can also be spread from mother to baby during pregnancy or childbirth.
ID_TS_Eng_Uga_8B1E3B9D,"Trichinosis is caused by eating undercooked meat that contains the larvae of the parasite, Trichinella spiralis. The larvae are present in the muscles of infected animals, such as pigs, wild boar, rats, and other mammals","Trichinosis is caused by eating undercooked meat that contains the larvae of the parasite, Trichinella spiralis. The larvae are present in the muscles of infected animals, such as pigs, wild boar, rats, and other mammals","Trichinosis is caused by eating undercooked meat that contains the larvae of the parasite, Trichinella spiralis. The larvae are present in the muscles of infected animals, such as pigs, wild boar, rats, and other mammals"
ID_TS_Eng_Uga_70B7E868,"Sexually transmitted infections are infections that are spread through sexual contact. They include HIV, syphilis, gonorrhoea, chlamydia, genital warts, herpes, and hepatitis B.","Sexually transmitted infections are infections that are spread through sexual contact. They include HIV, syphilis, gonorrhoea, chlamydia, genital warts, herpes, and hepatitis B.","Sexually transmitted infections are infections that are spread through sexual contact. They include HIV, syphilis, gonorrhoea, chlamydia, genital warts, herpes, and hepatitis B."
ID_TS_Eng_Uga_F6478986,"There are three types of HIV. They are HIV-1, HIV-2 and HIV-3. HIV-1 is the most common type of HIV. It is the virus that causes AIDS. HIV-2 is less common than HIV-1","There are three types of HIV. They are HIV-1, HIV-2 and HIV-3. HIV-1 is the most common type of HIV. It is the virus that causes AIDS. HIV-2 is less common than HIV-1","There are three types of HIV. They are HIV-1, HIV-2 and HIV-3. HIV-1 is the most common type of HIV. It is the virus that causes AIDS. HIV-2 is less common than HIV-1"
ID_TS_Eng_Uga_BF1E8366,"It was first discovered in 1981. It is a virus that attacks the immune system. It is spread through sexual contact, blood transfusions, sharing needles, and from mother to child during pregnancy or birth.","It was first discovered in 1981. It is a virus that attacks the immune system. It is spread through sexual contact, blood transfusions, sharing needles, and from mother to child during pregnancy or birth.","It was first discovered in 1981. It is a virus that attacks the immune system. It is spread through sexual contact, blood transfusions, sharing needles, and from mother to child during pregnancy or birth."
ID_TS_Eng_Uga_6502D6A2,"It was first seen in Europe in 1494. It was named after a French town called Syphillis, where it was first seen. It was also known as the great imitator because it mimicked many other diseases.","It was first seen in Europe in 1494. It was named after a French town called Syphillis, where it was first seen. It was also known as the great imitator because it mimicked many other diseases.","It was first seen in Europe in 1494. It was named after a French town called Syphillis, where it was first seen. It was also known as the great imitator because it mimicked many other diseases."
ID_TS_Eng_Uga_E2AA7A5D,"Yes, it is. It is caused by a parasite called Trichomonas vaginalis. It can be spread through sex. It can cause itching and irritation of the vagina or penis. It can also cause pain during sex and discharge from the vagina","Yes, it is. It is caused by a parasite called Trichomonas vaginalis. It can be spread through sex. It can cause itching and irritation of the vagina or penis. It can also cause pain during sex and discharge from the vagina","Yes, it is. It is caused by a parasite called Trichomonas vaginalis. It can be spread through sex. It can cause itching and irritation of the vagina or penis. It can also cause pain during sex and discharge from the vagina"
ID_TS_Eng_Uga_3E5A87E3,"Hormones are chemicals that control how your body works. They are made by glands in your body and travel through your bloodstream to other parts of your body where they do their work. During puberty, hormones cause physical changes that help you grow into an adult","Hormones are chemicals that control how your body works. They are made by glands in your body and travel through your bloodstream to other parts of your body where they do their work. During puberty, hormones cause physical changes that help you grow into an adult","Hormones are chemicals that control how your body works. They are made by glands in your body and travel through your bloodstream to other parts of your body where they do their work. During puberty, hormones cause physical changes that help you grow into an adult"
ID_TS_Eng_Uga_5BB5C40C,"Yes, I do. It stands for Human Immunodeficiency Virus. It weakens your immune system and makes you more likely to get sick.","Yes, I do. It stands for Human Immunodeficiency Virus. It weakens your immune system and makes you more likely to get sick.","Yes, I do. It stands for Human Immunodeficiency Virus. It weakens your immune system and makes you more likely to get sick."
ID_TS_Eng_Uga_9FD34579,By providing facts and figures to counter the myth.,By providing facts and figures to counter the myth.,By providing facts and figures to counter the myth.
ID_TS_Eng_Uga_A6A27967,"The signs of the clap are:
1. A sharp pain in the chest
2. Difficulty breathing
3. Coughing up blood
4. Chest pain that gets worse when you cough or breathe in deeply","The signs of the clap are:
1. A sharp pain in the chest
2. Difficulty breathing
3. Coughing up blood
4. Chest pain that gets worse when you cough or breathe in deeply","The signs of the clap are:
1. A sharp pain in the chest
2. Difficulty breathing
3. Coughing up blood
4. Chest pain that gets worse when you cough or breathe in deeply"
ID_TS_Eng_Eth_35EBD32D,"Yes, stress can cause herpes outbreaks. Stress","Yes, stress can cause herpes outbreaks. Stress","Yes, stress can cause herpes outbreaks. Stress"
ID_TS_Eng_Eth_40497B71,"No, not always. Some people have no symptoms at all.","No, not always. Some people have no symptoms at all.","No, not always. Some people have no symptoms at all."
ID_TS_Eng_Eth_C84A7B28,"HPV does not cause infertility. It can cause abnormal pap smears, which may lead to abnormal cervical biopsies, which may lead to infertility.","HPV does not cause infertility. It can cause abnormal pap smears, which may lead to abnormal cervical biopsies, which may lead to infertility.","HPV does not cause infertility. It can cause abnormal pap smears, which may lead to abnormal cervical biopsies, which may lead to infertility."
ID_TS_Eng_Eth_BC2CBB0D,"No, but the CDC recommends that men 18 to 45 years old get tested for HPV if they have had sex with a man or have had sex with men.","No, but the CDC recommends that men 18 to 45 years old get tested for HPV if they have had sex with a man or have had sex with men.","No, but the CDC recommends that men 18 to 45 years old get tested for HPV if they have had sex with a man or have had sex with men."
ID_TS_Eng_Ken_5AD5CF06,"Yes, they can lead to fatal outcomes.","Yes, they can lead to fatal outcomes.","Yes, they can lead to fatal outcomes."
ID_TS_Eng_Ken_46B98991,"No, not always. It depends on the immune system of the patient.","No, not always. It depends on the immune system of the patient.","No, not always. It depends on the immune system of the patient."
ID_TS_Eng_Ken_C2171429,"Yes, you should tell people that you have HIV.","Yes, you should tell people that you have HIV.","Yes, you should tell people that you have HIV."
ID_TS_Eng_Ken_CAFDA613,A functional cure is a state where the virus is not detectable in the body and the immune system is able to control the virus without any treatment.,A functional cure is a state where the virus is not detectable in the body and the immune system is able to control the virus without any treatment.,A functional cure is a state where the virus is not detectable in the body and the immune system is able to control the virus without any treatment.
ID_TS_Eng_Ken_58007C02,The results will be conveyed to you in a written form.,The results will be conveyed to you in a written form.,The results will be conveyed to you in a written form.
ID_TS_Eng_Ken_50C7C006,The amount of virus in the blood,The amount of virus in the blood,The amount of virus in the blood
ID_TS_Eng_Ken_BE2D740A,"Yes, you should disclose your HIV status to people.","Yes, you should disclose your HIV status to people.","Yes, you should disclose your HIV status to people."
ID_TS_Eng_Ken_4BD6CEE6,Girl loves sex after first intercourse because she is not satisfied with her partner.,Girl loves sex after first intercourse because she is not satisfied with her partner.,Girl loves sex after first intercourse because she is not satisfied with her partner.
ID_TS_Eng_Ken_5C62B3A2,The person who is going to use condoms should start the discussion.,The person who is going to use condoms should start the discussion.,The person who is going to use condoms should start the discussion.
ID_TS_Eng_Ken_F96B648A,"Yes, they should go for testing together.","Yes, they should go for testing together.","Yes, they should go for testing together."
ID_TS_Eng_Ken_A34B6CF6,"No, there are no cures for all STIs. However, there are treatments available to help manage the symptoms of some STIs.","No, there are no cures for all STIs. However, there are treatments available to help manage the symptoms of some STIs.","No, there are no cures for all STIs. However, there are treatments available to help manage the symptoms of some STIs."
ID_TS_Eng_Ken_9E50AA42,"In the initial phase of HIV, the virus attacks the immune system and weakens it. This makes the person more susceptible to infections and diseases.","In the initial phase of HIV, the virus attacks the immune system and weakens it. This makes the person more susceptible to infections and diseases.","In the initial phase of HIV, the virus attacks the immune system and weakens it. This makes the person more susceptible to infections and diseases."
ID_TS_Eng_Ken_3B4206C5,"No, you must have different results.","No, you must have different results.","No, you must have different results."
ID_TS_Eng_Ken_49C13DE7,It is important to talk about condoms because they are the only way to prevent pregnancy and sexually transmitted diseases.,It is important to talk about condoms because they are the only way to prevent pregnancy and sexually transmitted diseases.,It is important to talk about condoms because they are the only way to prevent pregnancy and sexually transmitted diseases.
ID_TS_Eng_Ken_CA8F3653,"Yes, a victim of STIs can get HIV.","Yes, a victim of STIs can get HIV.","Yes, a victim of STIs can get HIV."
ID_TS_Eng_Uga_91B78D8E,"There are three main ways to prevent HIV. These are abstinence, condoms and antiretroviral drugs.","There are three main ways to prevent HIV. These are abstinence, condoms and antiretroviral drugs.","There are three main ways to prevent HIV. These are abstinence, condoms and antiretroviral drugs."
ID_TS_Eng_Uga_7010F719,"No, ultrasound cannot detect chlamydia. Chlamydia is a bacterial infection that can be diagnosed with a urine test or a swab of the cervix, urethra, or rectum. Ultrasound is used to diagnose other","No, ultrasound cannot detect chlamydia. Chlamydia is a bacterial infection that can be diagnosed with a urine test or a swab of the cervix, urethra, or rectum. Ultrasound is used to diagnose other","No, ultrasound cannot detect chlamydia. Chlamydia is a bacterial infection that can be diagnosed with a urine test or a swab of the cervix, urethra, or rectum. Ultrasound is used to diagnose other"
ID_TS_Eng_Uga_AB8DDEB4,"There are three main forms of HIV. The first is HIV-1, which is the most common form of HIV. The second is HIV-2, which is less common than HIV-1. The third is HIV-3, which is a","There are three main forms of HIV. The first is HIV-1, which is the most common form of HIV. The second is HIV-2, which is less common than HIV-1. The third is HIV-3, which is a","There are three main forms of HIV. The first is HIV-1, which is the most common form of HIV. The second is HIV-2, which is less common than HIV-1. The third is HIV-3, which is a"
ID_TS_Eng_Uga_B194990B,"These are sexually transmitted infections. They include HIV, syphilis, gonorrhoea, chlamydia, herpes, hepatitis B and C, trichomoniasis, etc. The symptoms of these diseases vary from person to person.","These are sexually transmitted infections. They include HIV, syphilis, gonorrhoea, chlamydia, herpes, hepatitis B and C, trichomoniasis, etc. The symptoms of these diseases vary from person to person.","These are sexually transmitted infections. They include HIV, syphilis, gonorrhoea, chlamydia, herpes, hepatitis B and C, trichomoniasis, etc. The symptoms of these diseases vary from person to person."
ID_TS_Eng_Uga_70286046,"Chlamydia is a bacterial infection that can be cured with antibiotics. However, if left untreated, it can lead to serious complications such as infertility, ectopic pregnancy, and pelvic inflammatory disease (PID). Therefore, it is important to get tested","Chlamydia is a bacterial infection that can be cured with antibiotics. However, if left untreated, it can lead to serious complications such as infertility, ectopic pregnancy, and pelvic inflammatory disease (PID). Therefore, it is important to get tested","Chlamydia is a bacterial infection that can be cured with antibiotics. However, if left untreated, it can lead to serious complications such as infertility, ectopic pregnancy, and pelvic inflammatory disease (PID). Therefore, it is important to get tested"
ID_TS_Eng_Uga_45FF2C83,Latent TB infection,Latent TB infection,Latent TB infection
ID_TS_Eng_Uga_8D1FB540,"They are cost-effective because they prevent HIV infections, which saves money.","They are cost-effective because they prevent HIV infections, which saves money.","They are cost-effective because they prevent HIV infections, which saves money."
ID_TS_Eng_Uga_760DEBBB,"You can get tested for STIs at a clinic or hospital. 
You can also get tested at a mobile clinic, which is a clinic that moves around to different places. 
If you are positive for an STI, you will be given treatment","You can get tested for STIs at a clinic or hospital. 
You can also get tested at a mobile clinic, which is a clinic that moves around to different places. 
If you are positive for an STI, you will be given treatment","You can get tested for STIs at a clinic or hospital. 
You can also get tested at a mobile clinic, which is a clinic that moves around to different places. 
If you are positive for an STI, you will be given treatment"
ID_TS_Eng_Uga_2303F6C6,"Sexually transmitted diseases (STDs) are infections that are spread by sexual contact. The most common types of STDs are chlamydia, gonorrhea, herpes, HPV, and syphilis.","Sexually transmitted diseases (STDs) are infections that are spread by sexual contact. The most common types of STDs are chlamydia, gonorrhea, herpes, HPV, and syphilis.","Sexually transmitted diseases (STDs) are infections that are spread by sexual contact. The most common types of STDs are chlamydia, gonorrhea, herpes, HPV, and syphilis."
ID_TS_Eng_Uga_E8CDA0CC,"Yes, there are three categories of STIs. The first category includes those diseases that are caused by bacteria, such as gonorrhoea, syphilis, chlamydia and trichomoniasis. The second category includes those diseases","Yes, there are three categories of STIs. The first category includes those diseases that are caused by bacteria, such as gonorrhoea, syphilis, chlamydia and trichomoniasis. The second category includes those diseases","Yes, there are three categories of STIs. The first category includes those diseases that are caused by bacteria, such as gonorrhoea, syphilis, chlamydia and trichomoniasis. The second category includes those diseases"
ID_TS_Eng_Uga_98DE8EBB,"You may not notice any changes, but some women do. Early signs of pregnancy include:","You may not notice any changes, but some women do. Early signs of pregnancy include:","You may not notice any changes, but some women do. Early signs of pregnancy include:"
ID_TS_Eng_Uga_C96B5EDB,"No, it cannot. There is no cure for HIV/AIDS.","No, it cannot. There is no cure for HIV/AIDS.","No, it cannot. There is no cure for HIV/AIDS."
ID_TS_Eng_Uga_FD235DEF,"The word ""clap"" comes from the Latin ""clappare,"" which means to strike with a hammer or mallet. It was first used in English in the 14th century, and referred to the sound made by striking two pieces of","The word ""clap"" comes from the Latin ""clappare,"" which means to strike with a hammer or mallet. It was first used in English in the 14th century, and referred to the sound made by striking two pieces of","The word ""clap"" comes from the Latin ""clappare,"" which means to strike with a hammer or mallet. It was first used in English in the 14th century, and referred to the sound made by striking two pieces of"
ID_TS_Eng_Uga_D0243D72,"The uterus is about 7.5 cm long, 8 cm wide and 4 cm thick.","The uterus is about 7.5 cm long, 8 cm wide and 4 cm thick.","The uterus is about 7.5 cm long, 8 cm wide and 4 cm thick."
ID_TS_Eng_Uga_E68933A9,"No, because it can be transmitted through blood transfusion.","No, because it can be transmitted through blood transfusion.","No, because it can be transmitted through blood transfusion."
ID_TS_Eng_Uga_73B6A09B,"You can go to a clinic and ask for family planning. They will give you condoms, pills or injections.","You can go to a clinic and ask for family planning. They will give you condoms, pills or injections.","You can go to a clinic and ask for family planning. They will give you condoms, pills or injections."
ID_TS_Eng_Uga_A4B1F991,"Yes, it can be. But it’s only for a few seconds.","Yes, it can be. But it’s only for a few seconds.","Yes, it can be. But it’s only for a few seconds."
ID_TS_Eng_Uga_5463ADC7,"The main sign of HIV is a fever. Other signs include weight loss, night sweats, and a general feeling of being unwell.","The main sign of HIV is a fever. Other signs include weight loss, night sweats, and a general feeling of being unwell.","The main sign of HIV is a fever. Other signs include weight loss, night sweats, and a general feeling of being unwell."
ID_TS_Eng_Uga_36760CE5,"The signs of the clap are:
1. Painful urination
2. Blood in urine
3. Burning sensation while passing urine","The signs of the clap are:
1. Painful urination
2. Blood in urine
3. Burning sensation while passing urine","The signs of the clap are:
1. Painful urination
2. Blood in urine
3. Burning sensation while passing urine"
ID_TS_Eng_Eth_DD56CC94,It is a bacterial infection of the eyes that occurs in newborns. It is caused by the bacteria Neisseria gonorrhoeae or Chlamydia trachomatis.,It is a bacterial infection of the eyes that occurs in newborns. It is caused by the bacteria Neisseria gonorrhoeae or Chlamydia trachomatis.,It is a bacterial infection of the eyes that occurs in newborns. It is caused by the bacteria Neisseria gonorrhoeae or Chlamydia trachomatis.
ID_TS_Eng_Eth_EB1FA9F2,"Yes, men can get HPV. The virus is spread through sexual contact with an infected person.","Yes, men can get HPV. The virus is spread through sexual contact with an infected person.","Yes, men can get HPV. The virus is spread through sexual contact with an infected person."
ID_TS_Eng_Eth_D20EAC17,"Yes, by avoiding the triggers. For example, avoid stress, fatigue, and sun exposure.","Yes, by avoiding the triggers. For example, avoid stress, fatigue, and sun exposure.","Yes, by avoiding the triggers. For example, avoid stress, fatigue, and sun exposure."
ID_TS_Eng_Ken_533420E6,"No, HIV is not transmitted through saliva or food.","No, HIV is not transmitted through saliva or food.","No, HIV is not transmitted through saliva or food."
ID_TS_Eng_Ken_7CD0129D,"No, people fear covid_19 more than HIV","No, people fear covid_19 more than HIV","No, people fear covid_19 more than HIV"
ID_TS_Eng_Ken_A559E463,Abortion is a serious issue. It has many implications for the girl child. The most important implication of abortion is that it leads to death of the unborn child. This is a serious issue. It is a sin before God. It is also a,Abortion is a serious issue. It has many implications for the girl child. The most important implication of abortion is that it leads to death of the unborn child. This is a serious issue. It is a sin before God. It is also a,Abortion is a serious issue. It has many implications for the girl child. The most important implication of abortion is that it leads to death of the unborn child. This is a serious issue. It is a sin before God. It is also a
ID_TS_Eng_Ken_3108D448,"No, taking contraceptive pills does not protect one from getting HIV.","No, taking contraceptive pills does not protect one from getting HIV.","No, taking contraceptive pills does not protect one from getting HIV."
ID_TS_Eng_Ken_3A3C563E,"Yes, there are specific dietary recommendations for individuals with HIV. It is important for them to consume a balanced diet that includes plenty of fruits and vegetables, lean proteins, and whole grains. Additionally, they should limit their intake of saturated fats, trans fats","Yes, there are specific dietary recommendations for individuals with HIV. It is important for them to consume a balanced diet that includes plenty of fruits and vegetables, lean proteins, and whole grains. Additionally, they should limit their intake of saturated fats, trans fats","Yes, there are specific dietary recommendations for individuals with HIV. It is important for them to consume a balanced diet that includes plenty of fruits and vegetables, lean proteins, and whole grains. Additionally, they should limit their intake of saturated fats, trans fats"
ID_TS_Eng_Ken_B289F224,"It depends on the patient's condition. If he/she is stable, then testing once a year is enough. But if he/she is not stable, then testing every three months is recommended.","It depends on the patient's condition. If he/she is stable, then testing once a year is enough. But if he/she is not stable, then testing every three months is recommended.","It depends on the patient's condition. If he/she is stable, then testing once a year is enough. But if he/she is not stable, then testing every three months is recommended."
ID_TS_Eng_Ken_F1AFDB65,Human Immunodeficiency Virus/Acquired Immuno Deficiency Syndrome,Human Immunodeficiency Virus/Acquired Immuno Deficiency Syndrome,Human Immunodeficiency Virus/Acquired Immuno Deficiency Syndrome
ID_TS_Eng_Ken_7DAA39F0,"Yes, PREP can be guaranteed in prevention of HIV.","Yes, PREP can be guaranteed in prevention of HIV.","Yes, PREP can be guaranteed in prevention of HIV."
ID_TS_Eng_Ken_0323D342,It is not costly to get tested for HIV.,It is not costly to get tested for HIV.,It is not costly to get tested for HIV.
ID_TS_Eng_Ken_5738811D,Self-assessment testing kits are not reliable.,Self-assessment testing kits are not reliable.,Self-assessment testing kits are not reliable.
ID_TS_Eng_Ken_1D34D08E,"Yes, you can experience a change in your viral load.","Yes, you can experience a change in your viral load.","Yes, you can experience a change in your viral load."
ID_TS_Eng_Ken_7DE31A51,The stigma around people with HIV is caused by the fear of the unknown and the lack of education about the disease.,The stigma around people with HIV is caused by the fear of the unknown and the lack of education about the disease.,The stigma around people with HIV is caused by the fear of the unknown and the lack of education about the disease.
ID_TS_Eng_Ken_93B7A886,The best way to protect ourselves from HIV/AIDS is by practicing safe sex.,The best way to protect ourselves from HIV/AIDS is by practicing safe sex.,The best way to protect ourselves from HIV/AIDS is by practicing safe sex.
ID_TS_Eng_Ken_85C7504B,"No, getting a tattoo is not a way of HIV transmission.","No, getting a tattoo is not a way of HIV transmission.","No, getting a tattoo is not a way of HIV transmission."
ID_TS_Eng_Uga_D3016989,CD4+ T cells,CD4+ T cells,CD4+ T cells
ID_TS_Eng_Uga_8A3C3B5E,"Yes, it is a disease. It is caused by a parasite called Trichomonas vaginalis. It is spread through sexual contact. It can be treated with antibiotics.","Yes, it is a disease. It is caused by a parasite called Trichomonas vaginalis. It is spread through sexual contact. It can be treated with antibiotics.","Yes, it is a disease. It is caused by a parasite called Trichomonas vaginalis. It is spread through sexual contact. It can be treated with antibiotics."
ID_TS_Eng_Uga_6F962882,"It is important to know your HIV status. If you are HIV positive, you can start treatment immediately and live a long and healthy life. If you are HIV negative, you can take steps to prevent getting HIV in the future.","It is important to know your HIV status. If you are HIV positive, you can start treatment immediately and live a long and healthy life. If you are HIV negative, you can take steps to prevent getting HIV in the future.","It is important to know your HIV status. If you are HIV positive, you can start treatment immediately and live a long and healthy life. If you are HIV negative, you can take steps to prevent getting HIV in the future."
ID_TS_Eng_Uga_1AC70EC0,Pre-exposure prophylaxis. It’s a pill that can be taken daily to prevent HIV infection.,Pre-exposure prophylaxis. It’s a pill that can be taken daily to prevent HIV infection.,Pre-exposure prophylaxis. It’s a pill that can be taken daily to prevent HIV infection.
ID_TS_Eng_Uga_DB946570,"No, they don’t. One partner may be HIV positive and the other negative. But if one partner has HIV, there’s a risk that the other partner will get it too.","No, they don’t. One partner may be HIV positive and the other negative. But if one partner has HIV, there’s a risk that the other partner will get it too.","No, they don’t. One partner may be HIV positive and the other negative. But if one partner has HIV, there’s a risk that the other partner will get it too."
ID_TS_Eng_Uga_D045DD1C,"Herpes simplex virus (HSV) is a common viral infection. There are two types of HSV: type 1, which is usually found on the lips (oral herpes), and type 2, which causes genital herpes. Both types of herpes viruses","Herpes simplex virus (HSV) is a common viral infection. There are two types of HSV: type 1, which is usually found on the lips (oral herpes), and type 2, which causes genital herpes. Both types of herpes viruses","Herpes simplex virus (HSV) is a common viral infection. There are two types of HSV: type 1, which is usually found on the lips (oral herpes), and type 2, which causes genital herpes. Both types of herpes viruses"
ID_TS_Eng_Uga_168B1625,"Sex is a natural thing. It is not wrong to have sex, but it is wrong to have sex before marriage. Sex can be enjoyable if you are married. You can get pregnant or get an STI if you have sex before marriage.
Q","Sex is a natural thing. It is not wrong to have sex, but it is wrong to have sex before marriage. Sex can be enjoyable if you are married. You can get pregnant or get an STI if you have sex before marriage.
Q","Sex is a natural thing. It is not wrong to have sex, but it is wrong to have sex before marriage. Sex can be enjoyable if you are married. You can get pregnant or get an STI if you have sex before marriage.
Q"
ID_TS_Eng_Uga_DD6AC7B8,"Yes, it is safe to use online dating apps. You can","Yes, it is safe to use online dating apps. You can","Yes, it is safe to use online dating apps. You can"
ID_TS_Eng_Uga_764414FD,"There are three main types of HIV. They are:
HIV-1, HIV-2 and HIV-3.","There are three main types of HIV. They are:
HIV-1, HIV-2 and HIV-3.","There are three main types of HIV. They are:
HIV-1, HIV-2 and HIV-3."
ID_TS_Eng_Uga_C28EBD70,It is a combination of three or more drugs that,It is a combination of three or more drugs that,It is a combination of three or more drugs that
ID_TS_Eng_Uga_03802B70,"Yes, chlamydia is a sexually transmitted infection (STI). It is caused by bacteria called Chlamydia trachomatis. It can be passed on through vaginal, anal or oral sex.","Yes, chlamydia is a sexually transmitted infection (STI). It is caused by bacteria called Chlamydia trachomatis. It can be passed on through vaginal, anal or oral sex.","Yes, chlamydia is a sexually transmitted infection (STI). It is caused by bacteria called Chlamydia trachomatis. It can be passed on through vaginal, anal or oral sex."
ID_TS_Eng_Uga_BF0D073D,"Herpes Simplex Virus (HSV) is a common infection that can be transmitted through sexual contact. It causes sores or blisters on the genitals, anus, or mouth. There are two types of HSV: HSV-1 and HSV-2","Herpes Simplex Virus (HSV) is a common infection that can be transmitted through sexual contact. It causes sores or blisters on the genitals, anus, or mouth. There are two types of HSV: HSV-1 and HSV-2","Herpes Simplex Virus (HSV) is a common infection that can be transmitted through sexual contact. It causes sores or blisters on the genitals, anus, or mouth. There are two types of HSV: HSV-1 and HSV-2"
ID_TS_Eng_Uga_EECF67D2,"Yes, they do. They may feel more emotional than usual and may be moody or irritable.","Yes, they do. They may feel more emotional than usual and may be moody or irritable.","Yes, they do. They may feel more emotional than usual and may be moody or irritable."
ID_TS_Eng_Uga_517400F8,"Sex is a natural activity that involves the sexual organs of two people. It can be done by men and women, boys and girls, or any combination of these. Sex can be done with the penis and vagina, mouth and vagina, or anus.","Sex is a natural activity that involves the sexual organs of two people. It can be done by men and women, boys and girls, or any combination of these. Sex can be done with the penis and vagina, mouth and vagina, or anus.","Sex is a natural activity that involves the sexual organs of two people. It can be done by men and women, boys and girls, or any combination of these. Sex can be done with the penis and vagina, mouth and vagina, or anus."
ID_TS_Eng_Uga_E9D68F23,"Yes, HIV can infect people of all blood types.","Yes, HIV can infect people of all blood types.","Yes, HIV can infect people of all blood types."
ID_TS_Eng_Uga_86A4BAE4,It is for both men and women.,It is for both men and women.,It is for both men and women.
ID_TS_Eng_Uga_F81DBAA1,"Syphilis, Trichomoniasis, Gonorrhoea, Chlamydia, 
and Lymphogranuloma venereum.","Syphilis, Trichomoniasis, Gonorrhoea, Chlamydia, 
and Lymphogranuloma venereum.","Syphilis, Trichomoniasis, Gonorrhoea, Chlamydia, 
and Lymphogranuloma venereum."
ID_TS_Eng_Uga_43D88870,"There are three forms of HIV. The first form is called acute HIV. Acute HIV is the first stage of HIV infection. It occurs within 2 to 4 weeks after exposure to HIV. During this stage, symptoms may include fever, sore","There are three forms of HIV. The first form is called acute HIV. Acute HIV is the first stage of HIV infection. It occurs within 2 to 4 weeks after exposure to HIV. During this stage, symptoms may include fever, sore","There are three forms of HIV. The first form is called acute HIV. Acute HIV is the first stage of HIV infection. It occurs within 2 to 4 weeks after exposure to HIV. During this stage, symptoms may include fever, sore"
ID_TS_Eng_Uga_A23D4C2F,Anonymous HIV testing means that you don’t need to give your name or other personal information. You can get tested without revealing your identity.,Anonymous HIV testing means that you don’t need to give your name or other personal information. You can get tested without revealing your identity.,Anonymous HIV testing means that you don’t need to give your name or other personal information. You can get tested without revealing your identity.
ID_TS_Eng_Uga_AE8A7813,"Yes, it can. Some people experience weight gain as a side effect of their HIV medication. It’s important to talk to your doctor about any concerns you have about your weight and how it might be affecting your health.","Yes, it can. Some people experience weight gain as a side effect of their HIV medication. It’s important to talk to your doctor about any concerns you have about your weight and how it might be affecting your health.","Yes, it can. Some people experience weight gain as a side effect of their HIV medication. It’s important to talk to your doctor about any concerns you have about your weight and how it might be affecting your health."
ID_TS_Eng_Uga_14374509,"Gonorrhea is a sexually transmitted disease caused by the bacterium Neisseria gonorrhoeae. It usually affects the urethra, rectum or throat. Symptoms include painful urination, white discharge from the penis or vagina, and bleeding","Gonorrhea is a sexually transmitted disease caused by the bacterium Neisseria gonorrhoeae. It usually affects the urethra, rectum or throat. Symptoms include painful urination, white discharge from the penis or vagina, and bleeding","Gonorrhea is a sexually transmitted disease caused by the bacterium Neisseria gonorrhoeae. It usually affects the urethra, rectum or throat. Symptoms include painful urination, white discharge from the penis or vagina, and bleeding"
ID_TS_Eng_Uga_FFD6F232,"They are very effective. However, it is important to know that some STIs can be cured while others cannot. For example, HIV cannot be cured but it can be treated. Gonorrhoea can be cured with antibiotics. It is important to","They are very effective. However, it is important to know that some STIs can be cured while others cannot. For example, HIV cannot be cured but it can be treated. Gonorrhoea can be cured with antibiotics. It is important to","They are very effective. However, it is important to know that some STIs can be cured while others cannot. For example, HIV cannot be cured but it can be treated. Gonorrhoea can be cured with antibiotics. It is important to"
ID_TS_Eng_Uga_4B943E30,"The virus was first isolated by Luc Montagnier, a French virologist, in 1983. He shared the Nobel Prize for this work with two other scientists, Françoise Barré-Sinoussi and Bruce Beutler,","The virus was first isolated by Luc Montagnier, a French virologist, in 1983. He shared the Nobel Prize for this work with two other scientists, Françoise Barré-Sinoussi and Bruce Beutler,","The virus was first isolated by Luc Montagnier, a French virologist, in 1983. He shared the Nobel Prize for this work with two other scientists, Françoise Barré-Sinoussi and Bruce Beutler,"
ID_TS_Eng_Uga_A5769411,"You can protect yourself from Herpes by not having sex with someone who has it. If you do have sex, use a condom. If you have oral sex, use a dental dam. If you are pregnant, get tested for Herpes and take","You can protect yourself from Herpes by not having sex with someone who has it. If you do have sex, use a condom. If you have oral sex, use a dental dam. If you are pregnant, get tested for Herpes and take","You can protect yourself from Herpes by not having sex with someone who has it. If you do have sex, use a condom. If you have oral sex, use a dental dam. If you are pregnant, get tested for Herpes and take"
ID_TS_Eng_Uga_4B8C5BDC,"When the immune system of a person with HIV becomes weak, it develops into AIDS.","When the immune system of a person with HIV becomes weak, it develops into AIDS.","When the immune system of a person with HIV becomes weak, it develops into AIDS."
ID_TS_Eng_Uga_2408A6DC,"Chlamydia is a sexually transmitted infection. It can be passed on through vaginal, anal or oral sex. It can also be passed on from an infected mother to her baby during birth.","Chlamydia is a sexually transmitted infection. It can be passed on through vaginal, anal or oral sex. It can also be passed on from an infected mother to her baby during birth.","Chlamydia is a sexually transmitted infection. It can be passed on through vaginal, anal or oral sex. It can also be passed on from an infected mother to her baby during birth."
ID_TS_Eng_Uga_D289F0AB,The best treatment for the clap is to wash your hands frequently with soap and water. You can also use an alcohol-based hand sanitizer if soap and water are not available.,The best treatment for the clap is to wash your hands frequently with soap and water. You can also use an alcohol-based hand sanitizer if soap and water are not available.,The best treatment for the clap is to wash your hands frequently with soap and water. You can also use an alcohol-based hand sanitizer if soap and water are not available.
ID_TS_Eng_Uga_BE055787,"You can't get vaccinated for herpes. There are 
vaccines available for chickenpox and shingles, but not 
herpes.","You can't get vaccinated for herpes. There are 
vaccines available for chickenpox and shingles, but not 
herpes.","You can't get vaccinated for herpes. There are 
vaccines available for chickenpox and shingles, but not 
herpes."
ID_TS_Eng_Uga_A7A8F636,"Chlamydia is a sexually transmitted infection. It can be treated with antibiotics. If you don’t take your medicine as prescribed, it may not work. You could still have chlamydia.","Chlamydia is a sexually transmitted infection. It can be treated with antibiotics. If you don’t take your medicine as prescribed, it may not work. You could still have chlamydia.","Chlamydia is a sexually transmitted infection. It can be treated with antibiotics. If you don’t take your medicine as prescribed, it may not work. You could still have chlamydia."
ID_TS_Eng_Uga_9D9B6231,"During puberty, your body changes rapidly. You may feel confused, angry, or sad. You may also feel like you don’t fit in with your friends or family. These are normal feelings. Talk to someone you trust about how you’re feeling.","During puberty, your body changes rapidly. You may feel confused, angry, or sad. You may also feel like you don’t fit in with your friends or family. These are normal feelings. Talk to someone you trust about how you’re feeling.","During puberty, your body changes rapidly. You may feel confused, angry, or sad. You may also feel like you don’t fit in with your friends or family. These are normal feelings. Talk to someone you trust about how you’re feeling."
ID_TS_Eng_Uga_687A4850,It is because of the close contact between students.,It is because of the close contact between students.,It is because of the close contact between students.
ID_TS_Eng_Uga_72C22A16,"The symptoms of Clap include a high fever, a dry cough, and a headache. You may also experience a sore throat, a runny nose, and a rash. If you have these symptoms, it is important to see a doctor as soon","The symptoms of Clap include a high fever, a dry cough, and a headache. You may also experience a sore throat, a runny nose, and a rash. If you have these symptoms, it is important to see a doctor as soon","The symptoms of Clap include a high fever, a dry cough, and a headache. You may also experience a sore throat, a runny nose, and a rash. If you have these symptoms, it is important to see a doctor as soon"
ID_TS_Eng_Uga_718D4D05,It can take up to 10 years for HIV to develop into AIDS.,It can take up to 10 years for HIV to develop into AIDS.,It can take up to 10 years for HIV to develop into AIDS.
ID_TS_Eng_Uga_FE9FECAA,"You will be asked to provide a urine sample, which will be tested for gonorrhoea, chlamydia and trichomoniasis. A blood test may also be done to check for syphilis, hepatitis B and C,","You will be asked to provide a urine sample, which will be tested for gonorrhoea, chlamydia and trichomoniasis. A blood test may also be done to check for syphilis, hepatitis B and C,","You will be asked to provide a urine sample, which will be tested for gonorrhoea, chlamydia and trichomoniasis. A blood test may also be done to check for syphilis, hepatitis B and C,"
ID_TS_Eng_Uga_3A7E8E14,"These include discharge from the penis or vagina, pain during sex, pain in the testicles or pelvis, pain in the lower abdomen, pain in the rectum, pain in the throat, pain in the mouth, pain in the eyes, pain","These include discharge from the penis or vagina, pain during sex, pain in the testicles or pelvis, pain in the lower abdomen, pain in the rectum, pain in the throat, pain in the mouth, pain in the eyes, pain","These include discharge from the penis or vagina, pain during sex, pain in the testicles or pelvis, pain in the lower abdomen, pain in the rectum, pain in the throat, pain in the mouth, pain in the eyes, pain"
ID_TS_Eng_Uga_CFD01CBD,"Yes, they should. Vaccines are available for some STIs, such as hepatitis A and B, HPV and meningococcal disease. However, there is no vaccine that protects against HIV.","Yes, they should. Vaccines are available for some STIs, such as hepatitis A and B, HPV and meningococcal disease. However, there is no vaccine that protects against HIV.","Yes, they should. Vaccines are available for some STIs, such as hepatitis A and B, HPV and meningococcal disease. However, there is no vaccine that protects against HIV."
ID_TS_Eng_Uga_5E187B24,"You should talk to your partner about what is bothering you. If you are not sure how to do this, you could ask a friend or family member for advice.","You should talk to your partner about what is bothering you. If you are not sure how to do this, you could ask a friend or family member for advice.","You should talk to your partner about what is bothering you. If you are not sure how to do this, you could ask a friend or family member for advice."
ID_TS_Eng_Uga_39E58FF0,"You can protect yourself from HIV by not having sex with someone who has HIV. If you do have sex, use a condom every time. If you are taking antiretroviral drugs, you can also protect yourself from HIV.","You can protect yourself from HIV by not having sex with someone who has HIV. If you do have sex, use a condom every time. If you are taking antiretroviral drugs, you can also protect yourself from HIV.","You can protect yourself from HIV by not having sex with someone who has HIV. If you do have sex, use a condom every time. If you are taking antiretroviral drugs, you can also protect yourself from HIV."
ID_TS_Eng_Eth_1CA3C448,"Yes, men can test for HPV. The HPV test is a","Yes, men can test for HPV. The HPV test is a","Yes, men can test for HPV. The HPV test is a"
ID_TS_Eng_Eth_E21342B0,"Yes, it can cause meningitis.","Yes, it can cause meningitis.","Yes, it can cause meningitis."
ID_TS_Eng_Eth_8D7248E2,"Yes, prayer and faith can help you cope with the emotional stress of having herpes.","Yes, prayer and faith can help you cope with the emotional stress of having herpes.","Yes, prayer and faith can help you cope with the emotional stress of having herpes."
ID_TS_Eng_Eth_BC8F7D29,"No, you can’t get chlamydia from kissing.","No, you can’t get chlamydia from kissing.","No, you can’t get chlamydia from kissing."
ID_TS_Eng_Eth_4E20FD1A,"Human rights are the basic rights that every person has. They include the right to life, liberty, freedom of expression, equality before the law, etc.","Human rights are the basic rights that every person has. They include the right to life, liberty, freedom of expression, equality before the law, etc.","Human rights are the basic rights that every person has. They include the right to life, liberty, freedom of expression, equality before the law, etc."
ID_TS_Eng_Gha_F1043785,"During menstruation, the lining of the uterus is shed. This is a normal process that occurs every month.","During menstruation, the lining of the uterus is shed. This is a normal process that occurs every month.","During menstruation, the lining of the uterus is shed. This is a normal process that occurs every month."
ID_TS_Eng_Ken_D9D80B8D,3 months,3 months,3 months
ID_TS_Eng_Ken_4223623B,"To know your HIV status, you need to get tested. You can get tested at a government-run clinic or at a private hospital. If you test positive for HIV, you will be given treatment and support to help you live a healthy life.

Q","To know your HIV status, you need to get tested. You can get tested at a government-run clinic or at a private hospital. If you test positive for HIV, you will be given treatment and support to help you live a healthy life.

Q","To know your HIV status, you need to get tested. You can get tested at a government-run clinic or at a private hospital. If you test positive for HIV, you will be given treatment and support to help you live a healthy life.

Q"
ID_TS_Eng_Ken_E14EB70D,"1.2 million adults and 100,000 children","1.2 million adults and 100,000 children","1.2 million adults and 100,000 children"
ID_TS_Eng_Ken_17D2582E,"No, HIV cannot be transferred through lesbianism and gayism.","No, HIV cannot be transferred through lesbianism and gayism.","No, HIV cannot be transferred through lesbianism and gayism."
ID_TS_Eng_Ken_6786D506,"The immune system plays a vital role in the body. It is responsible for protecting the body from harmful substances and foreign bodies. The immune system consists of various cells and organs that work together to identify and destroy harmful substances, such as bacteria, viruses,","The immune system plays a vital role in the body. It is responsible for protecting the body from harmful substances and foreign bodies. The immune system consists of various cells and organs that work together to identify and destroy harmful substances, such as bacteria, viruses,","The immune system plays a vital role in the body. It is responsible for protecting the body from harmful substances and foreign bodies. The immune system consists of various cells and organs that work together to identify and destroy harmful substances, such as bacteria, viruses,"
ID_TS_Eng_Ken_8DB06746,4.5% of men in Kenya have HIV,4.5% of men in Kenya have HIV,4.5% of men in Kenya have HIV
ID_TS_Eng_Ken_B3EE4D3B,It is advisable to take PEP within 72 hours of exposure.,It is advisable to take PEP within 72 hours of exposure.,It is advisable to take PEP within 72 hours of exposure.
ID_TS_Eng_Ken_314D3441,"The ideal time to take your HIV treatment is when you remember to take it. However, if you forget to take your medication, do not take a double dose to make up for the missed dose. Instead, take your next dose at the usual time","The ideal time to take your HIV treatment is when you remember to take it. However, if you forget to take your medication, do not take a double dose to make up for the missed dose. Instead, take your next dose at the usual time","The ideal time to take your HIV treatment is when you remember to take it. However, if you forget to take your medication, do not take a double dose to make up for the missed dose. Instead, take your next dose at the usual time"
ID_TS_Eng_Ken_0BA6EAB9,"Yes, you can get HIV through gay or lesbianism intimacy.","Yes, you can get HIV through gay or lesbianism intimacy.","Yes, you can get HIV through gay or lesbianism intimacy."
ID_TS_Eng_Ken_4AC9778D,"No, you will not die if you get AIDS.","No, you will not die if you get AIDS.","No, you will not die if you get AIDS."
ID_TS_Eng_Ken_7354EA6F,The skin provides information about someone's HIV status.,The skin provides information about someone's HIV status.,The skin provides information about someone's HIV status.
ID_TS_Eng_Ken_BD767E35,"Yes, you should still protect yourself from HIV.","Yes, you should still protect yourself from HIV.","Yes, you should still protect yourself from HIV."
ID_TS_Eng_Ken_AFF8754D,"Different types of drugs used by a HIV/AIDS patient are antiretroviral drugs, protease inhibitors, nucleoside analogues, non-nucleoside reverse transcriptase inhibitors, and fusion inhibitors.","Different types of drugs used by a HIV/AIDS patient are antiretroviral drugs, protease inhibitors, nucleoside analogues, non-nucleoside reverse transcriptase inhibitors, and fusion inhibitors.","Different types of drugs used by a HIV/AIDS patient are antiretroviral drugs, protease inhibitors, nucleoside analogues, non-nucleoside reverse transcriptase inhibitors, and fusion inhibitors."
ID_TS_Eng_Uga_1247EA4E,"No, Panadol does not prevent HIV. It is a painkiller.","No, Panadol does not prevent HIV. It is a painkiller.","No, Panadol does not prevent HIV. It is a painkiller."
ID_TS_Eng_Uga_F63FCE41,"There are two main types of TB tests. The first is a blood test, which looks for antibodies to TB. The second is a skin test, which involves injecting a small amount of TB protein under your skin. If you have a positive reaction,","There are two main types of TB tests. The first is a blood test, which looks for antibodies to TB. The second is a skin test, which involves injecting a small amount of TB protein under your skin. If you have a positive reaction,","There are two main types of TB tests. The first is a blood test, which looks for antibodies to TB. The second is a skin test, which involves injecting a small amount of TB protein under your skin. If you have a positive reaction,"
ID_TS_Eng_Uga_D6016237,"Herpes simplex virus (HSV) is a common infection of the skin, mouth, or genitals. It is usually spread by skin-to-skin contact. The virus can cause painful blisters on the skin or mucous membranes. HSV-1 causes","Herpes simplex virus (HSV) is a common infection of the skin, mouth, or genitals. It is usually spread by skin-to-skin contact. The virus can cause painful blisters on the skin or mucous membranes. HSV-1 causes","Herpes simplex virus (HSV) is a common infection of the skin, mouth, or genitals. It is usually spread by skin-to-skin contact. The virus can cause painful blisters on the skin or mucous membranes. HSV-1 causes"
ID_TS_Eng_Uga_A6C9537F,"Trichomoniasis is a common sexually transmitted infection (STI). It is caused by a single-celled parasite called Trichomonas vaginalis. The parasite lives in the vagina, urethra, or rectum and causes inflammation of","Trichomoniasis is a common sexually transmitted infection (STI). It is caused by a single-celled parasite called Trichomonas vaginalis. The parasite lives in the vagina, urethra, or rectum and causes inflammation of","Trichomoniasis is a common sexually transmitted infection (STI). It is caused by a single-celled parasite called Trichomonas vaginalis. The parasite lives in the vagina, urethra, or rectum and causes inflammation of"
ID_TS_Eng_Uga_7135F221,"No, they don’t. They are not used to treat depression.","No, they don’t. They are not used to treat depression.","No, they don’t. They are not used to treat depression."
ID_TS_Eng_Uga_7DE1BDFE,"Hepatitis B virus (HBV) infection is a major public health problem worldwide. It is estimated that 2 billion people have been infected with HBV, and more than 350 million people are chronically infected. The global burden of disease due","Hepatitis B virus (HBV) infection is a major public health problem worldwide. It is estimated that 2 billion people have been infected with HBV, and more than 350 million people are chronically infected. The global burden of disease due","Hepatitis B virus (HBV) infection is a major public health problem worldwide. It is estimated that 2 billion people have been infected with HBV, and more than 350 million people are chronically infected. The global burden of disease due"
ID_TS_Eng_Uga_0964FBBF,"The best way to avoid HIV is to not have sex. If you do have sex, use a condom.","The best way to avoid HIV is to not have sex. If you do have sex, use a condom.","The best way to avoid HIV is to not have sex. If you do have sex, use a condom."
ID_TS_Eng_Uga_52C21221,"Yes, if you are healthy enough to donate blood, you can. But you must tell the doctor or nurse that you have HIV before you donate.","Yes, if you are healthy enough to donate blood, you can. But you must tell the doctor or nurse that you have HIV before you donate.","Yes, if you are healthy enough to donate blood, you can. But you must tell the doctor or nurse that you have HIV before you donate."
ID_TS_Eng_Uga_F85E06A1,"Male condoms are the most effective method of contraception. They protect against pregnancy and STIs, including HIV.","Male condoms are the most effective method of contraception. They protect against pregnancy and STIs, including HIV.","Male condoms are the most effective method of contraception. They protect against pregnancy and STIs, including HIV."
ID_TS_Eng_Uga_69CA97D2,"The best medication for gonorrhea is a single dose of ceftriaxone (Rocephin) 250 mg IM. If you are allergic to cephalosporins, then doxycycline 100 mg orally twice","The best medication for gonorrhea is a single dose of ceftriaxone (Rocephin) 250 mg IM. If you are allergic to cephalosporins, then doxycycline 100 mg orally twice","The best medication for gonorrhea is a single dose of ceftriaxone (Rocephin) 250 mg IM. If you are allergic to cephalosporins, then doxycycline 100 mg orally twice"
ID_TS_Eng_Uga_0DE051A6,"Students are more vulnerable to HIV because they are sexually active. They are also more likely to engage in risky sexual behaviour such as unprotected sex, multiple partners and transactional sex.","Students are more vulnerable to HIV because they are sexually active. They are also more likely to engage in risky sexual behaviour such as unprotected sex, multiple partners and transactional sex.","Students are more vulnerable to HIV because they are sexually active. They are also more likely to engage in risky sexual behaviour such as unprotected sex, multiple partners and transactional sex."
ID_TS_Eng_Uga_0D366DFC,"It helps them to understand what HIV is, how it is transmitted, and how they can protect themselves from getting HIV. It also helps them to understand how to live with HIV if they do get it.","It helps them to understand what HIV is, how it is transmitted, and how they can protect themselves from getting HIV. It also helps them to understand how to live with HIV if they do get it.","It helps them to understand what HIV is, how it is transmitted, and how they can protect themselves from getting HIV. It also helps them to understand how to live with HIV if they do get it."
ID_TS_Eng_Uga_F920264C,"No, gonorrhea is spread by sexual contact. Fingering 
is not a sexual act.","No, gonorrhea is spread by sexual contact. Fingering 
is not a sexual act.","No, gonorrhea is spread by sexual contact. Fingering 
is not a sexual act."
ID_TS_Eng_Uga_486822B9,The most recommended method of managing HIV is to take your medication as prescribed by your doctor. It is important to take your medication regularly and on time to ensure that your viral load remains low and that you stay healthy.,The most recommended method of managing HIV is to take your medication as prescribed by your doctor. It is important to take your medication regularly and on time to ensure that your viral load remains low and that you stay healthy.,The most recommended method of managing HIV is to take your medication as prescribed by your doctor. It is important to take your medication regularly and on time to ensure that your viral load remains low and that you stay healthy.
ID_TS_Eng_Uga_D664D264,"Herpes is a common infection caused by herpes simplex virus (HSV). It is characterized by painful blisters on the skin, mucous membranes or genitals. There are two types of HSV: HSV-1 and HSV-2. HSV-1 causes","Herpes is a common infection caused by herpes simplex virus (HSV). It is characterized by painful blisters on the skin, mucous membranes or genitals. There are two types of HSV: HSV-1 and HSV-2. HSV-1 causes","Herpes is a common infection caused by herpes simplex virus (HSV). It is characterized by painful blisters on the skin, mucous membranes or genitals. There are two types of HSV: HSV-1 and HSV-2. HSV-1 causes"
ID_TS_Eng_Uga_3D225C30,"Pulmonary tuberculosis (TB) is the most common form of TB. It usually affects the lungs, but can also affect the throat, chest wall, and other parts of the body.","Pulmonary tuberculosis (TB) is the most common form of TB. It usually affects the lungs, but can also affect the throat, chest wall, and other parts of the body.","Pulmonary tuberculosis (TB) is the most common form of TB. It usually affects the lungs, but can also affect the throat, chest wall, and other parts of the body."
ID_TS_Eng_Uga_CFB87E6F,The approaches needed to combat HIV/AIDS are,The approaches needed to combat HIV/AIDS are,The approaches needed to combat HIV/AIDS are
ID_TS_Eng_Uga_DA0D4A5F,"Trich is caused by a parasite called Trichomonas vaginalis. It is spread through sexual contact. The symptoms of trich are:

• Discharge from the vagina
• Pain during sex
• Burning sensation when urinating","Trich is caused by a parasite called Trichomonas vaginalis. It is spread through sexual contact. The symptoms of trich are:

• Discharge from the vagina
• Pain during sex
• Burning sensation when urinating","Trich is caused by a parasite called Trichomonas vaginalis. It is spread through sexual contact. The symptoms of trich are:

• Discharge from the vagina
• Pain during sex
• Burning sensation when urinating"
ID_TS_Eng_Uga_FF574E2B,"Eat healthy food, exercise regularly and get enough sleep.","Eat healthy food, exercise regularly and get enough sleep.","Eat healthy food, exercise regularly and get enough sleep."
ID_TS_Eng_Uga_DF615A5C,"No, gonorrhea is spread by sexual contact.","No, gonorrhea is spread by sexual contact.","No, gonorrhea is spread by sexual contact."
ID_TS_Eng_Uga_0BC61066,"The fastest chlamydia test is a urine test. It can be done in a doctor's office or clinic, and it takes only a few minutes to get results.","The fastest chlamydia test is a urine test. It can be done in a doctor's office or clinic, and it takes only a few minutes to get results.","The fastest chlamydia test is a urine test. It can be done in a doctor's office or clinic, and it takes only a few minutes to get results."
ID_TS_Eng_Uga_530A37DF,"Yes, you can get syphilis from close contact.","Yes, you can get syphilis from close contact.","Yes, you can get syphilis from close contact."
ID_TS_Eng_Uga_5BC440F1,"Gonorrhea is a sexually transmitted disease caused by the bacterium Neisseria gonorrhoeae. It most commonly affects the urethra, rectum or throat. Symptoms include pain when urinating, white discharge from the penis with possible blood","Gonorrhea is a sexually transmitted disease caused by the bacterium Neisseria gonorrhoeae. It most commonly affects the urethra, rectum or throat. Symptoms include pain when urinating, white discharge from the penis with possible blood","Gonorrhea is a sexually transmitted disease caused by the bacterium Neisseria gonorrhoeae. It most commonly affects the urethra, rectum or throat. Symptoms include pain when urinating, white discharge from the penis with possible blood"
ID_TS_Eng_Uga_75A66981,"The clap was discovered by a man named George Washington. He was born on February 22, 1732, in Virginia. He was the first president of the United States. He served from 1789 to 1797. He was also","The clap was discovered by a man named George Washington. He was born on February 22, 1732, in Virginia. He was the first president of the United States. He served from 1789 to 1797. He was also","The clap was discovered by a man named George Washington. He was born on February 22, 1732, in Virginia. He was the first president of the United States. He served from 1789 to 1797. He was also"
ID_TS_Eng_Uga_E61EDE90,"Yes, they can. Some people gain weight while on","Yes, they can. Some people gain weight while on","Yes, they can. Some people gain weight while on"
ID_TS_Eng_Uga_AD77E82F,"Yes, herpes simplex virus (HSV) is a sexually transmitted infection (STI). It is caused by two types of viruses: HSV-1 and HSV-2. Both types can be spread through sexual contact, including vaginal, anal, or oral","Yes, herpes simplex virus (HSV) is a sexually transmitted infection (STI). It is caused by two types of viruses: HSV-1 and HSV-2. Both types can be spread through sexual contact, including vaginal, anal, or oral","Yes, herpes simplex virus (HSV) is a sexually transmitted infection (STI). It is caused by two types of viruses: HSV-1 and HSV-2. Both types can be spread through sexual contact, including vaginal, anal, or oral"
ID_TS_Eng_Uga_61A11729,"During puberty, the body prepares for adulthood by undergoing physical changes such as the growth of pubic hair, the development of breasts in girls, and the enlargement of the penis in boys. These changes are caused by the release of hormones from the pituit","During puberty, the body prepares for adulthood by undergoing physical changes such as the growth of pubic hair, the development of breasts in girls, and the enlargement of the penis in boys. These changes are caused by the release of hormones from the pituit","During puberty, the body prepares for adulthood by undergoing physical changes such as the growth of pubic hair, the development of breasts in girls, and the enlargement of the penis in boys. These changes are caused by the release of hormones from the pituit"
ID_TS_Eng_Uga_9326DFFD,16 years old,16 years old,16 years old
